
INSERT INTO DOCTOR VALUES 
  ('11233','James Smith','1977-11-07','M','dentist','800-111-112',null,null);
INSERT INTO DOCTOR VALUES 
  ('22344','Alica Jabbar','1968-01-19','F','osteologist','800-111-102',null,null);
INSERT INTO DOCTOR VALUES 
  ('33455','John Wong','1969-03-21','M','physician','800-111-133',null,null);
INSERT INTO DOCTOR VALUES 
  ('44566','Jennifer Borg','1980-06-27','F','physician','800-111-132',33455,null);
INSERT INTO DOCTOR VALUES 
  ('55677','Allen Wu','1979-03-05','M','cardiologist','800-111-145',null,null);
INSERT INTO DOCTOR VALUES 
  ('66788','Ross Ahmad','1977-11-07','M','dentist','800-111-155',11233,null);

INSERT INTO PATIENT VALUES 
  ('1200003','Ada Hua','1985-10-17','F','949-889-9009');
INSERT INTO PATIENT VALUES 
  ('2200003','Amada Gallant','1979-02-13','F','505-899-7665');
INSERT INTO PATIENT VALUES 
  ('3200003','Sam Strong','1989-09-09','M','672-133-4665');
INSERT INTO PATIENT VALUES 
  ('4200003','Jeff Bort','1990-03-04','M','788-899-0011');
INSERT INTO PATIENT VALUES 
  ('5200003','Cinday Lee','1955-04-30','F','543-657-8199');
INSERT INTO PATIENT VALUES 
  ('6200003','Olivia Wallace','1995-08-08','F','627-948-0184');
  
INSERT INTO DEPARTMENT VALUES (5, 'orthopedics',null);
INSERT INTO DEPARTMENT VALUES (1, 'psychiatry',null);
INSERT INTO DEPARTMENT VALUES (2, 'pediatrics',null);
INSERT INTO DEPARTMENT VALUES (8, 'surgery',null);
INSERT INTO DEPARTMENT VALUES (3, 'stomatology',null);
INSERT INTO DEPARTMENT VALUES (4, 'cardiac',null);
INSERT INTO DEPARTMENT VALUES (6, 'dermatology',null);
INSERT INTO DEPARTMENT VALUES (7, 'internal medicine',null);

UPDATE DOCTOR SET DNo = 3 WHERE DoctorID = '11233';
UPDATE DOCTOR SET DNo = 5 WHERE DoctorID = '22344';
UPDATE DOCTOR SET DNo = 7 WHERE DoctorID = '33455';
UPDATE DOCTOR SET DNo = 7 WHERE DoctorID = '44566';
UPDATE DOCTOR SET DNo = 4 WHERE DoctorID = '55677';
UPDATE DOCTOR SET DNo = 3 WHERE DoctorID = '66788';


INSERT INTO APPOINTMENT VALUES
  (102, '2018-04-01', '15:00', '11233','2200003');
INSERT INTO APPOINTMENT VALUES
  (203, '2018-04-08', '13:00', '33455','6200003');
INSERT INTO APPOINTMENT VALUES
  (304, '2018-04-08', '16:00', '44566','5200003');
INSERT INTO APPOINTMENT VALUES
  (405, '2018-04-09', '11:00', '66788','2200003');
INSERT INTO APPOINTMENT VALUES
  (506, '2018-04-10', '10:30', '22344','4200003');
INSERT INTO APPOINTMENT VALUES
  (607, '2018-04-11', '12:40', '55677','3200003');



